PassengerId,Survived,Pclass,Sex,Age,SibSp,Parch,Ticket,Fare,Family_Count,Embarked_Q,Embarked_S
1,0,1,1,22.0,1,0,A/5 21171,7.25,1,0,1
2,1,3,0,38.0,1,0,PC 17599,71.2833,1,0,0
3,1,1,0,26.0,0,0,STON/O2. 3101282,7.925,0,0,1
4,1,3,0,35.0,1,0,113803,53.1,1,0,1
5,0,1,1,35.0,0,0,373450,8.05,0,0,1
6,0,1,1,29.69911764705882,0,0,330877,8.4583,0,1,0
7,0,3,1,54.0,0,0,17463,51.8625,0,0,1
8,0,1,1,2.0,3,1,349909,21.075,4,0,1
9,1,1,0,27.0,0,2,347742,11.1333,2,0,1
10,1,2,0,14.0,1,0,237736,30.0708,1,0,0
11,1,1,0,4.0,1,1,PP 9549,16.7,2,0,1
12,1,3,0,58.0,0,0,113783,26.55,0,0,1
13,0,1,1,20.0,0,0,A/5. 2151,8.05,0,0,1
14,0,1,1,39.0,1,5,347082,31.275,6,0,1
15,0,1,0,14.0,0,0,350406,7.8542,0,0,1
16,1,2,0,55.0,0,0,248706,16.0,0,0,1
17,0,1,1,2.0,4,1,382652,29.125,5,1,0
18,1,2,1,29.69911764705882,0,0,244373,13.0,0,0,1
19,0,1,0,31.0,1,0,345763,18.0,1,0,1
20,1,1,0,29.69911764705882,0,0,2649,7.225,0,0,0
21,0,2,1,35.0,0,0,239865,26.0,0,0,1
22,1,2,1,34.0,0,0,248698,13.0,0,0,1
23,1,1,0,15.0,0,0,330923,8.0292,0,1,0
24,1,3,1,28.0,0,0,113788,35.5,0,0,1
25,0,1,0,8.0,3,1,349909,21.075,4,0,1
26,1,1,0,38.0,1,5,347077,31.3875,6,0,1
27,0,1,1,29.69911764705882,0,0,2631,7.225,0,0,0
28,0,3,1,19.0,3,2,19950,263.0,5,0,1
29,1,1,0,29.69911764705882,0,0,330959,7.8792,0,1,0
30,0,1,1,29.69911764705882,0,0,349216,7.8958,0,0,1
31,0,3,1,40.0,0,0,PC 17601,27.7208,0,0,0
32,1,3,0,29.69911764705882,1,0,PC 17569,146.5208,1,0,0
33,1,1,0,29.69911764705882,0,0,335677,7.75,0,1,0
34,0,2,1,66.0,0,0,C.A. 24579,10.5,0,0,1
35,0,3,1,28.0,1,0,PC 17604,82.1708,1,0,0
36,0,3,1,42.0,1,0,113789,52.0,1,0,1
37,1,1,1,29.69911764705882,0,0,2677,7.2292,0,0,0
38,0,1,1,21.0,0,0,A./5. 2152,8.05,0,0,1
39,0,1,0,18.0,2,0,345764,18.0,2,0,1
40,1,1,0,14.0,1,0,2651,11.2417,1,0,0
41,0,1,0,40.0,1,0,7546,9.475,1,0,1
42,0,2,0,27.0,1,0,11668,21.0,1,0,1
43,0,1,1,29.69911764705882,0,0,349253,7.8958,0,0,0
44,1,2,0,3.0,1,2,SC/Paris 2123,41.5792,3,0,0
45,1,1,0,19.0,0,0,330958,7.8792,0,1,0
46,0,1,1,29.69911764705882,0,0,S.C./A.4. 23567,8.05,0,0,1
47,0,1,1,29.69911764705882,1,0,370371,15.5,1,1,0
48,1,1,0,29.69911764705882,0,0,14311,7.75,0,1,0
49,0,1,1,29.69911764705882,2,0,2662,21.6792,2,0,0
50,0,1,0,18.0,1,0,349237,17.8,1,0,1
51,0,1,1,7.0,4,1,3101295,39.6875,5,0,1
52,0,1,1,21.0,0,0,A/4. 39886,7.8,0,0,1
53,1,3,0,49.0,1,0,PC 17572,76.7292,1,0,0
54,1,2,0,29.0,1,0,2926,26.0,1,0,1
55,0,3,1,65.0,0,1,113509,61.9792,1,0,0
56,1,3,1,29.69911764705882,0,0,19947,35.5,0,0,1
57,1,2,0,21.0,0,0,C.A. 31026,10.5,0,0,1
58,0,1,1,28.5,0,0,2697,7.2292,0,0,0
59,1,2,0,5.0,1,2,C.A. 34651,27.75,3,0,1
60,0,1,1,11.0,5,2,CA 2144,46.9,7,0,1
61,0,1,1,22.0,0,0,2669,7.2292,0,0,0
62,1,3,0,38.0,0,0,113572,80.0,0,0,0
63,0,3,1,45.0,1,0,36973,83.475,1,0,1
64,0,1,1,4.0,3,2,347088,27.9,5,0,1
65,0,3,1,29.69911764705882,0,0,PC 17605,27.7208,0,0,0
66,1,1,1,29.69911764705882,1,1,2661,15.2458,2,0,0
67,1,2,0,29.0,0,0,C.A. 29395,10.5,0,0,1
68,0,1,1,19.0,0,0,S.P. 3464,8.1583,0,0,1
69,1,1,0,17.0,4,2,3101281,7.925,6,0,1
70,0,1,1,26.0,2,0,315151,8.6625,2,0,1
71,0,2,1,32.0,0,0,C.A. 33111,10.5,0,0,1
72,0,1,0,16.0,5,2,CA 2144,46.9,7,0,1
73,0,2,1,21.0,0,0,S.O.C. 14879,73.5,0,0,1
74,0,1,1,26.0,1,0,2680,14.4542,1,0,0
75,1,1,1,32.0,0,0,1601,56.4958,0,0,1
76,0,1,1,25.0,0,0,348123,7.65,0,0,1
77,0,1,1,29.69911764705882,0,0,349208,7.8958,0,0,1
78,0,1,1,29.69911764705882,0,0,374746,8.05,0,0,1
79,1,2,1,0.83,0,2,248738,29.0,2,0,1
80,1,1,0,30.0,0,0,364516,12.475,0,0,1
81,0,1,1,22.0,0,0,345767,9.0,0,0,1
82,1,1,1,29.0,0,0,345779,9.5,0,0,1
83,1,1,0,29.69911764705882,0,0,330932,7.7875,0,1,0
84,0,3,1,28.0,0,0,113059,47.1,0,0,1
85,1,2,0,17.0,0,0,SO/C 14885,10.5,0,0,1
86,1,1,0,33.0,3,0,3101278,15.85,3,0,1
87,0,1,1,16.0,1,3,W./C. 6608,34.375,4,0,1
88,0,1,1,29.69911764705882,0,0,SOTON/OQ 392086,8.05,0,0,1
89,1,3,0,23.0,3,2,19950,263.0,5,0,1
90,0,1,1,24.0,0,0,343275,8.05,0,0,1
91,0,1,1,29.0,0,0,343276,8.05,0,0,1
92,0,1,1,20.0,0,0,347466,7.8542,0,0,1
93,0,3,1,46.0,1,0,W.E.P. 5734,61.175,1,0,1
94,0,1,1,26.0,1,2,C.A. 2315,20.575,3,0,1
95,0,1,1,59.0,0,0,364500,7.25,0,0,1
96,0,1,1,29.69911764705882,0,0,374910,8.05,0,0,1
97,0,3,1,71.0,0,0,PC 17754,34.6542,0,0,0
98,1,3,1,23.0,0,1,PC 17759,63.3583,1,0,0
99,1,2,0,34.0,0,1,231919,23.0,1,0,1
100,0,2,1,34.0,1,0,244367,26.0,1,0,1
101,0,1,0,28.0,0,0,349245,7.8958,0,0,1
102,0,1,1,29.69911764705882,0,0,349215,7.8958,0,0,1
103,0,3,1,21.0,0,1,35281,77.2875,1,0,1
104,0,1,1,33.0,0,0,7540,8.6542,0,0,1
105,0,1,1,37.0,2,0,3101276,7.925,2,0,1
106,0,1,1,28.0,0,0,349207,7.8958,0,0,1
107,1,1,0,21.0,0,0,343120,7.65,0,0,1
108,1,1,1,29.69911764705882,0,0,312991,7.775,0,0,1
109,0,1,1,38.0,0,0,349249,7.8958,0,0,1
110,1,1,0,29.69911764705882,1,0,371110,24.15,1,1,0
111,0,3,1,47.0,0,0,110465,52.0,0,0,1
112,0,1,0,14.5,1,0,2665,14.4542,1,0,0
113,0,1,1,22.0,0,0,324669,8.05,0,0,1
114,0,1,0,20.0,1,0,4136,9.825,1,0,1
115,0,1,0,17.0,0,0,2627,14.4583,0,0,0
116,0,1,1,21.0,0,0,STON/O 2. 3101294,7.925,0,0,1
117,0,1,1,70.5,0,0,370369,7.75,0,1,0
118,0,2,1,29.0,1,0,11668,21.0,1,0,1
119,0,3,1,24.0,0,1,PC 17558,247.5208,1,0,0
120,0,1,0,2.0,4,2,347082,31.275,6,0,1
121,0,2,1,21.0,2,0,S.O.C. 14879,73.5,2,0,1
122,0,1,1,29.69911764705882,0,0,A4. 54510,8.05,0,0,1
123,0,2,1,32.5,1,0,237736,30.0708,1,0,0
124,1,2,0,32.5,0,0,27267,13.0,0,0,1
125,0,3,1,54.0,0,1,35281,77.2875,1,0,1
126,1,1,1,12.0,1,0,2651,11.2417,1,0,0
127,0,1,1,29.69911764705882,0,0,370372,7.75,0,1,0
128,1,1,1,24.0,0,0,C 17369,7.1417,0,0,1
129,1,1,0,29.69911764705882,1,1,2668,22.3583,2,0,0
130,0,1,1,45.0,0,0,347061,6.975,0,0,1
131,0,1,1,33.0,0,0,349241,7.8958,0,0,0
132,0,1,1,20.0,0,0,SOTON/O.Q. 3101307,7.05,0,0,1
133,0,1,0,47.0,1,0,A/5. 3337,14.5,1,0,1
134,1,2,0,29.0,1,0,228414,26.0,1,0,1
135,0,2,1,25.0,0,0,C.A. 29178,13.0,0,0,1
136,0,2,1,23.0,0,0,SC/PARIS 2133,15.0458,0,0,0
137,1,3,0,19.0,0,2,11752,26.2833,2,0,1
138,0,3,1,37.0,1,0,113803,53.1,1,0,1
139,0,1,1,16.0,0,0,7534,9.2167,0,0,1
140,0,3,1,24.0,0,0,PC 17593,79.2,0,0,0
141,0,1,0,29.69911764705882,0,2,2678,15.2458,2,0,0
142,1,1,0,22.0,0,0,347081,7.75,0,0,1
143,1,1,0,24.0,1,0,STON/O2. 3101279,15.85,1,0,1
144,0,1,1,19.0,0,0,365222,6.75,0,1,0
145,0,2,1,18.0,0,0,231945,11.5,0,0,1
146,0,2,1,19.0,1,1,C.A. 33112,36.75,2,0,1
147,1,1,1,27.0,0,0,350043,7.7958,0,0,1
148,0,1,0,9.0,2,2,W./C. 6608,34.375,4,0,1
149,0,2,1,36.5,0,2,230080,26.0,2,0,1
150,0,2,1,42.0,0,0,244310,13.0,0,0,1
151,0,2,1,51.0,0,0,S.O.P. 1166,12.525,0,0,1
152,1,3,0,22.0,1,0,113776,66.6,1,0,1
153,0,1,1,55.5,0,0,A.5. 11206,8.05,0,0,1
154,0,1,1,40.5,0,2,A/5. 851,14.5,2,0,1
155,0,1,1,29.69911764705882,0,0,Fa 265302,7.3125,0,0,1
156,0,3,1,51.0,0,1,PC 17597,61.3792,1,0,0
157,1,1,0,16.0,0,0,35851,7.7333,0,1,0
158,0,1,1,30.0,0,0,SOTON/OQ 392090,8.05,0,0,1
159,0,1,1,29.69911764705882,0,0,315037,8.6625,0,0,1
160,0,1,1,29.69911764705882,8,2,CA. 2343,69.55,10,0,1
161,0,1,1,44.0,0,1,371362,16.1,1,0,1
162,1,2,0,40.0,0,0,C.A. 33595,15.75,0,0,1
163,0,1,1,26.0,0,0,347068,7.775,0,0,1
164,0,1,1,17.0,0,0,315093,8.6625,0,0,1
165,0,1,1,1.0,4,1,3101295,39.6875,5,0,1
166,1,1,1,9.0,0,2,363291,20.525,2,0,1
167,1,3,0,29.69911764705882,0,1,113505,55.0,1,0,1
168,0,1,0,45.0,1,4,347088,27.9,5,0,1
169,0,3,1,29.69911764705882,0,0,PC 17318,25.925,0,0,1
170,0,1,1,28.0,0,0,1601,56.4958,0,0,1
171,0,3,1,61.0,0,0,111240,33.5,0,0,1
172,0,1,1,4.0,4,1,382652,29.125,5,1,0
173,1,1,0,1.0,1,1,347742,11.1333,2,0,1
174,0,1,1,21.0,0,0,STON/O 2. 3101280,7.925,0,0,1
175,0,3,1,56.0,0,0,17764,30.6958,0,0,0
176,0,1,1,18.0,1,1,350404,7.8542,2,0,1
177,0,1,1,29.69911764705882,3,1,4133,25.4667,4,0,1
178,0,3,0,50.0,0,0,PC 17595,28.7125,0,0,0
179,0,2,1,30.0,0,0,250653,13.0,0,0,1
180,0,1,1,36.0,0,0,LINE,0.0,0,0,1
181,0,1,0,29.69911764705882,8,2,CA. 2343,69.55,10,0,1
182,0,2,1,29.69911764705882,0,0,SC/PARIS 2131,15.05,0,0,0
183,0,1,1,9.0,4,2,347077,31.3875,6,0,1
184,1,2,1,1.0,2,1,230136,39.0,3,0,1
185,1,1,0,4.0,0,2,315153,22.025,2,0,1
186,0,3,1,29.69911764705882,0,0,113767,50.0,0,0,1
187,1,1,0,29.69911764705882,1,0,370365,15.5,1,1,0
188,1,3,1,45.0,0,0,111428,26.55,0,0,1
189,0,1,1,40.0,1,1,364849,15.5,2,1,0
190,0,1,1,36.0,0,0,349247,7.8958,0,0,1
191,1,2,0,32.0,0,0,234604,13.0,0,0,1
192,0,2,1,19.0,0,0,28424,13.0,0,0,1
193,1,1,0,19.0,1,0,350046,7.8542,1,0,1
194,1,2,1,3.0,1,1,230080,26.0,2,0,1
195,1,3,0,44.0,0,0,PC 17610,27.7208,0,0,0
196,1,3,0,58.0,0,0,PC 17569,146.5208,0,0,0
197,0,1,1,29.69911764705882,0,0,368703,7.75,0,1,0
198,0,1,1,42.0,0,1,4579,8.4042,1,0,1
199,1,1,0,29.69911764705882,0,0,370370,7.75,0,1,0
200,0,2,0,24.0,0,0,248747,13.0,0,0,1
201,0,1,1,28.0,0,0,345770,9.5,0,0,1
202,0,1,1,29.69911764705882,8,2,CA. 2343,69.55,10,0,1
203,0,1,1,34.0,0,0,3101264,6.4958,0,0,1
204,0,1,1,45.5,0,0,2628,7.225,0,0,0
205,1,1,1,18.0,0,0,A/5 3540,8.05,0,0,1
206,0,1,0,2.0,0,1,347054,10.4625,1,0,1
207,0,1,1,32.0,1,0,3101278,15.85,1,0,1
208,1,1,1,26.0,0,0,2699,18.7875,0,0,0
209,1,1,0,16.0,0,0,367231,7.75,0,1,0
210,1,3,1,40.0,0,0,112277,31.0,0,0,0
211,0,1,1,24.0,0,0,SOTON/O.Q. 3101311,7.05,0,0,1
212,1,2,0,35.0,0,0,F.C.C. 13528,21.0,0,0,1
213,0,1,1,22.0,0,0,A/5 21174,7.25,0,0,1
214,0,2,1,30.0,0,0,250646,13.0,0,0,1
215,0,1,1,29.69911764705882,1,0,367229,7.75,1,1,0
216,1,3,0,31.0,1,0,35273,113.275,1,0,0
217,1,1,0,27.0,0,0,STON/O2. 3101283,7.925,0,0,1
218,0,2,1,42.0,1,0,243847,27.0,1,0,1
219,1,3,0,32.0,0,0,11813,76.2917,0,0,0
220,0,2,1,30.0,0,0,W/C 14208,10.5,0,0,1
221,1,1,1,16.0,0,0,SOTON/OQ 392089,8.05,0,0,1
222,0,2,1,27.0,0,0,220367,13.0,0,0,1
223,0,1,1,51.0,0,0,21440,8.05,0,0,1
224,0,1,1,29.69911764705882,0,0,349234,7.8958,0,0,1
225,1,3,1,38.0,1,0,19943,90.0,1,0,1
226,0,1,1,22.0,0,0,PP 4348,9.35,0,0,1
227,1,2,1,19.0,0,0,SW/PP 751,10.5,0,0,1
228,0,1,1,20.5,0,0,A/5 21173,7.25,0,0,1
229,0,2,1,18.0,0,0,236171,13.0,0,0,1
230,0,1,0,29.69911764705882,3,1,4133,25.4667,4,0,1
231,1,3,0,35.0,1,0,36973,83.475,1,0,1
232,0,1,1,29.0,0,0,347067,7.775,0,0,1
233,0,2,1,59.0,0,0,237442,13.5,0,0,1
234,1,1,0,5.0,4,2,347077,31.3875,6,0,1
235,0,2,1,24.0,0,0,C.A. 29566,10.5,0,0,1
236,0,1,0,29.69911764705882,0,0,W./C. 6609,7.55,0,0,1
237,0,2,1,44.0,1,0,26707,26.0,1,0,1
238,1,2,0,8.0,0,2,C.A. 31921,26.25,2,0,1
239,0,2,1,19.0,0,0,28665,10.5,0,0,1
240,0,2,1,33.0,0,0,SCO/W 1585,12.275,0,0,1
241,0,1,0,29.69911764705882,1,0,2665,14.4542,1,0,0
242,1,1,0,29.69911764705882,1,0,367230,15.5,1,1,0
243,0,2,1,29.0,0,0,W./C. 14263,10.5,0,0,1
244,0,1,1,22.0,0,0,STON/O 2. 3101275,7.125,0,0,1
245,0,1,1,30.0,0,0,2694,7.225,0,0,0
246,0,3,1,44.0,2,0,19928,90.0,2,1,0
247,0,1,0,25.0,0,0,347071,7.775,0,0,1
248,1,2,0,24.0,0,2,250649,14.5,2,0,1
249,1,3,1,37.0,1,1,11751,52.5542,2,0,1
250,0,2,1,54.0,1,0,244252,26.0,1,0,1
251,0,1,1,29.69911764705882,0,0,362316,7.25,0,0,1
252,0,1,0,29.0,1,1,347054,10.4625,2,0,1
253,0,3,1,62.0,0,0,113514,26.55,0,0,1
254,0,1,1,30.0,1,0,A/5. 3336,16.1,1,0,1
255,0,1,0,41.0,0,2,370129,20.2125,2,0,1
256,1,1,0,29.0,0,2,2650,15.2458,2,0,0
257,1,3,0,29.69911764705882,0,0,PC 17585,79.2,0,0,0
258,1,3,0,30.0,0,0,110152,86.5,0,0,1
259,1,3,0,35.0,0,0,PC 17755,512.3292,0,0,0
260,1,2,0,50.0,0,1,230433,26.0,1,0,1
261,0,1,1,29.69911764705882,0,0,384461,7.75,0,1,0
262,1,1,1,3.0,4,2,347077,31.3875,6,0,1
263,0,3,1,52.0,1,1,110413,79.65,2,0,1
264,0,3,1,40.0,0,0,112059,0.0,0,0,1
265,0,1,0,29.69911764705882,0,0,382649,7.75,0,1,0
266,0,2,1,36.0,0,0,C.A. 17248,10.5,0,0,1
267,0,1,1,16.0,4,1,3101295,39.6875,5,0,1
268,1,1,1,25.0,1,0,347083,7.775,1,0,1
269,1,3,0,58.0,0,1,PC 17582,153.4625,1,0,1
270,1,3,0,35.0,0,0,PC 17760,135.6333,0,0,1
271,0,3,1,29.69911764705882,0,0,113798,31.0,0,0,1
272,1,1,1,25.0,0,0,LINE,0.0,0,0,1
273,1,2,0,41.0,0,1,250644,19.5,1,0,1
274,0,3,1,37.0,0,1,PC 17596,29.7,1,0,0
275,1,1,0,29.69911764705882,0,0,370375,7.75,0,1,0
276,1,3,0,63.0,1,0,13502,77.9583,1,0,1
277,0,1,0,45.0,0,0,347073,7.75,0,0,1
278,0,2,1,29.69911764705882,0,0,239853,0.0,0,0,1
279,0,1,1,7.0,4,1,382652,29.125,5,1,0
280,1,1,0,35.0,1,1,C.A. 2673,20.25,2,0,1
281,0,1,1,65.0,0,0,336439,7.75,0,1,0
282,0,1,1,28.0,0,0,347464,7.8542,0,0,1
283,0,1,1,16.0,0,0,345778,9.5,0,0,1
284,1,1,1,19.0,0,0,A/5. 10482,8.05,0,0,1
285,0,3,1,29.69911764705882,0,0,113056,26.0,0,0,1
286,0,1,1,33.0,0,0,349239,8.6625,0,0,0
287,1,1,1,30.0,0,0,345774,9.5,0,0,1
288,0,1,1,22.0,0,0,349206,7.8958,0,0,1
289,1,2,1,42.0,0,0,237798,13.0,0,0,1
290,1,1,0,22.0,0,0,370373,7.75,0,1,0
291,1,3,0,26.0,0,0,19877,78.85,0,0,1
292,1,3,0,19.0,1,0,11967,91.0792,1,0,0
293,0,2,1,36.0,0,0,SC/Paris 2163,12.875,0,0,0
294,0,1,0,24.0,0,0,349236,8.85,0,0,1
295,0,1,1,24.0,0,0,349233,7.8958,0,0,1
296,0,3,1,29.69911764705882,0,0,PC 17612,27.7208,0,0,0
297,0,1,1,23.5,0,0,2693,7.2292,0,0,0
298,0,3,0,2.0,1,2,113781,151.55,3,0,1
299,1,3,1,29.69911764705882,0,0,19988,30.5,0,0,1
300,1,3,0,50.0,0,1,PC 17558,247.5208,1,0,0
301,1,1,0,29.69911764705882,0,0,9234,7.75,0,1,0
302,1,1,1,29.69911764705882,2,0,367226,23.25,2,1,0
303,0,1,1,19.0,0,0,LINE,0.0,0,0,1
304,1,2,0,29.69911764705882,0,0,226593,12.35,0,1,0
305,0,1,1,29.69911764705882,0,0,A/5 2466,8.05,0,0,1
306,1,3,1,0.92,1,2,113781,151.55,3,0,1
307,1,3,0,29.69911764705882,0,0,17421,110.8833,0,0,0
308,1,3,0,17.0,1,0,PC 17758,108.9,1,0,0
309,0,2,1,30.0,1,0,P/PP 3381,24.0,1,0,0
310,1,3,0,30.0,0,0,PC 17485,56.9292,0,0,0
311,1,3,0,24.0,0,0,11767,83.1583,0,0,0
312,1,3,0,18.0,2,2,PC 17608,262.375,4,0,0
313,0,2,0,26.0,1,1,250651,26.0,2,0,1
314,0,1,1,28.0,0,0,349243,7.8958,0,0,1
315,0,2,1,43.0,1,1,F.C.C. 13529,26.25,2,0,1
316,1,1,0,26.0,0,0,347470,7.8542,0,0,1
317,1,2,0,24.0,1,0,244367,26.0,1,0,1
318,0,2,1,54.0,0,0,29011,14.0,0,0,1
319,1,3,0,31.0,0,2,36928,164.8667,2,0,1
320,1,3,0,40.0,1,1,16966,134.5,2,0,0
321,0,1,1,22.0,0,0,A/5 21172,7.25,0,0,1
322,0,1,1,27.0,0,0,349219,7.8958,0,0,1
323,1,2,0,30.0,0,0,234818,12.35,0,1,0
324,1,2,0,22.0,1,1,248738,29.0,2,0,1
325,0,1,1,29.69911764705882,8,2,CA. 2343,69.55,10,0,1
326,1,3,0,36.0,0,0,PC 17760,135.6333,0,0,0
327,0,1,1,61.0,0,0,345364,6.2375,0,0,1
328,1,2,0,36.0,0,0,28551,13.0,0,0,1
329,1,1,0,31.0,1,1,363291,20.525,2,0,1
330,1,3,0,16.0,0,1,111361,57.9792,1,0,0
331,1,1,0,29.69911764705882,2,0,367226,23.25,2,1,0
332,0,3,1,45.5,0,0,113043,28.5,0,0,1
333,0,3,1,38.0,0,1,PC 17582,153.4625,1,0,1
334,0,1,1,16.0,2,0,345764,18.0,2,0,1
335,1,3,0,29.69911764705882,1,0,PC 17611,133.65,1,0,1
336,0,1,1,29.69911764705882,0,0,349225,7.8958,0,0,1
337,0,3,1,29.0,1,0,113776,66.6,1,0,1
338,1,3,0,41.0,0,0,16966,134.5,0,0,0
339,1,1,1,45.0,0,0,7598,8.05,0,0,1
340,0,3,1,45.0,0,0,113784,35.5,0,0,1
341,1,2,1,2.0,1,1,230080,26.0,2,0,1
342,1,3,0,24.0,3,2,19950,263.0,5,0,1
343,0,2,1,28.0,0,0,248740,13.0,0,0,1
344,0,2,1,25.0,0,0,244361,13.0,0,0,1
345,0,2,1,36.0,0,0,229236,13.0,0,0,1
346,1,2,0,24.0,0,0,248733,13.0,0,0,1
347,1,2,0,40.0,0,0,31418,13.0,0,0,1
348,1,1,0,29.69911764705882,1,0,386525,16.1,1,0,1
349,1,1,1,3.0,1,1,C.A. 37671,15.9,2,0,1
350,0,1,1,42.0,0,0,315088,8.6625,0,0,1
351,0,1,1,23.0,0,0,7267,9.225,0,0,1
352,0,3,1,29.69911764705882,0,0,113510,35.0,0,0,1
353,0,1,1,15.0,1,1,2695,7.2292,2,0,0
354,0,1,1,25.0,1,0,349237,17.8,1,0,1
355,0,1,1,29.69911764705882,0,0,2647,7.225,0,0,0
356,0,1,1,28.0,0,0,345783,9.5,0,0,1
357,1,3,0,22.0,0,1,113505,55.0,1,0,1
358,0,2,0,38.0,0,0,237671,13.0,0,0,1
359,1,1,0,29.69911764705882,0,0,330931,7.8792,0,1,0
360,1,1,0,29.69911764705882,0,0,330980,7.8792,0,1,0
361,0,1,1,40.0,1,4,347088,27.9,5,0,1
362,0,2,1,29.0,1,0,SC/PARIS 2167,27.7208,1,0,0
363,0,1,0,45.0,0,1,2691,14.4542,1,0,0
364,0,1,1,35.0,0,0,SOTON/O.Q. 3101310,7.05,0,0,1
365,0,1,1,29.69911764705882,1,0,370365,15.5,1,1,0
366,0,1,1,30.0,0,0,C 7076,7.25,0,0,1
367,1,3,0,60.0,1,0,110813,75.25,1,0,0
368,1,1,0,29.69911764705882,0,0,2626,7.2292,0,0,0
369,1,1,0,29.69911764705882,0,0,14313,7.75,0,1,0
370,1,3,0,24.0,0,0,PC 17477,69.3,0,0,0
371,1,3,1,25.0,1,0,11765,55.4417,1,0,0
372,0,1,1,18.0,1,0,3101267,6.4958,1,0,1
373,0,1,1,19.0,0,0,323951,8.05,0,0,1
374,0,3,1,22.0,0,0,PC 17760,135.6333,0,0,0
375,0,1,0,3.0,3,1,349909,21.075,4,0,1
376,1,3,0,29.69911764705882,1,0,PC 17604,82.1708,1,0,0
377,1,1,0,22.0,0,0,C 7077,7.25,0,0,1
378,0,3,1,27.0,0,2,113503,211.5,2,0,0
379,0,1,1,20.0,0,0,2648,4.0125,0,0,0
380,0,1,1,19.0,0,0,347069,7.775,0,0,1
381,1,3,0,42.0,0,0,PC 17757,227.525,0,0,0
382,1,1,0,1.0,0,2,2653,15.7417,2,0,0
383,0,1,1,32.0,0,0,STON/O 2. 3101293,7.925,0,0,1
384,1,3,0,35.0,1,0,113789,52.0,1,0,1
385,0,1,1,29.69911764705882,0,0,349227,7.8958,0,0,1
386,0,2,1,18.0,0,0,S.O.C. 14879,73.5,0,0,1
387,0,1,1,1.0,5,2,CA 2144,46.9,7,0,1
388,1,2,0,36.0,0,0,27849,13.0,0,0,1
389,0,1,1,29.69911764705882,0,0,367655,7.7292,0,1,0
390,1,2,0,17.0,0,0,SC 1748,12.0,0,0,0
391,1,3,1,36.0,1,2,113760,120.0,3,0,1
392,1,1,1,21.0,0,0,350034,7.7958,0,0,1
393,0,1,1,28.0,2,0,3101277,7.925,2,0,1
394,1,3,0,23.0,1,0,35273,113.275,1,0,0
395,1,1,0,24.0,0,2,PP 9549,16.7,2,0,1
396,0,1,1,22.0,0,0,350052,7.7958,0,0,1
397,0,1,0,31.0,0,0,350407,7.8542,0,0,1
398,0,2,1,46.0,0,0,28403,26.0,0,0,1
399,0,2,1,23.0,0,0,244278,10.5,0,0,1
400,1,2,0,28.0,0,0,240929,12.65,0,0,1
401,1,1,1,39.0,0,0,STON/O 2. 3101289,7.925,0,0,1
402,0,1,1,26.0,0,0,341826,8.05,0,0,1
403,0,1,0,21.0,1,0,4137,9.825,1,0,1
404,0,1,1,28.0,1,0,STON/O2. 3101279,15.85,1,0,1
405,0,1,0,20.0,0,0,315096,8.6625,0,0,1
406,0,2,1,34.0,1,0,28664,21.0,1,0,1
407,0,1,1,51.0,0,0,347064,7.75,0,0,1
408,1,2,1,3.0,1,1,29106,18.75,2,0,1
409,0,1,1,21.0,0,0,312992,7.775,0,0,1
410,0,1,0,29.69911764705882,3,1,4133,25.4667,4,0,1
411,0,1,1,29.69911764705882,0,0,349222,7.8958,0,0,1
412,0,1,1,29.69911764705882,0,0,394140,6.8583,0,1,0
413,1,3,0,33.0,1,0,19928,90.0,1,1,0
414,0,2,1,29.69911764705882,0,0,239853,0.0,0,0,1
415,1,1,1,44.0,0,0,STON/O 2. 3101269,7.925,0,0,1
416,0,1,0,29.69911764705882,0,0,343095,8.05,0,0,1
417,1,2,0,34.0,1,1,28220,32.5,2,0,1
418,1,2,0,18.0,0,2,250652,13.0,2,0,1
419,0,2,1,30.0,0,0,28228,13.0,0,0,1
420,0,1,0,10.0,0,2,345773,24.15,2,0,1
421,0,1,1,29.69911764705882,0,0,349254,7.8958,0,0,0
422,0,1,1,21.0,0,0,A/5. 13032,7.7333,0,1,0
423,0,1,1,29.0,0,0,315082,7.875,0,0,1
424,0,1,0,28.0,1,1,347080,14.4,2,0,1
425,0,1,1,18.0,1,1,370129,20.2125,2,0,1
426,0,1,1,29.69911764705882,0,0,A/4. 34244,7.25,0,0,1
427,1,2,0,28.0,1,0,2003,26.0,1,0,1
428,1,2,0,19.0,0,0,250655,26.0,0,0,1
429,0,1,1,29.69911764705882,0,0,364851,7.75,0,1,0
430,1,1,1,32.0,0,0,SOTON/O.Q. 392078,8.05,0,0,1
431,1,3,1,28.0,0,0,110564,26.55,0,0,1
432,1,1,0,29.69911764705882,1,0,376564,16.1,1,0,1
433,1,2,0,42.0,1,0,SC/AH 3085,26.0,1,0,1
434,0,1,1,17.0,0,0,STON/O 2. 3101274,7.125,0,0,1
435,0,3,1,50.0,1,0,13507,55.9,1,0,1
436,1,3,0,14.0,1,2,113760,120.0,3,0,1
437,0,1,0,21.0,2,2,W./C. 6608,34.375,4,0,1
438,1,2,0,24.0,2,3,29106,18.75,5,0,1
439,0,3,1,64.0,1,4,19950,263.0,5,0,1
440,0,2,1,31.0,0,0,C.A. 18723,10.5,0,0,1
441,1,2,0,45.0,1,1,F.C.C. 13529,26.25,2,0,1
442,0,1,1,20.0,0,0,345769,9.5,0,0,1
443,0,1,1,25.0,1,0,347076,7.775,1,0,1
444,1,2,0,28.0,0,0,230434,13.0,0,0,1
445,1,1,1,29.69911764705882,0,0,65306,8.1125,0,0,1
446,1,3,1,4.0,0,2,33638,81.8583,2,0,1
447,1,2,0,13.0,0,1,250644,19.5,1,0,1
448,1,3,1,34.0,0,0,113794,26.55,0,0,1
449,1,1,0,5.0,2,1,2666,19.2583,3,0,0
450,1,3,1,52.0,0,0,113786,30.5,0,0,1
451,0,2,1,36.0,1,2,C.A. 34651,27.75,3,0,1
452,0,1,1,29.69911764705882,1,0,65303,19.9667,1,0,1
453,0,3,1,30.0,0,0,113051,27.75,0,0,0
454,1,3,1,49.0,1,0,17453,89.1042,1,0,0
455,0,1,1,29.69911764705882,0,0,A/5 2817,8.05,0,0,1
456,1,1,1,29.0,0,0,349240,7.8958,0,0,0
457,0,3,1,65.0,0,0,13509,26.55,0,0,1
458,1,3,0,29.69911764705882,1,0,17464,51.8625,1,0,1
459,1,2,0,50.0,0,0,F.C.C. 13531,10.5,0,0,1
460,0,1,1,29.69911764705882,0,0,371060,7.75,0,1,0
461,1,3,1,48.0,0,0,19952,26.55,0,0,1
462,0,1,1,34.0,0,0,364506,8.05,0,0,1
463,0,3,1,47.0,0,0,111320,38.5,0,0,1
464,0,2,1,48.0,0,0,234360,13.0,0,0,1
465,0,1,1,29.69911764705882,0,0,A/S 2816,8.05,0,0,1
466,0,1,1,38.0,0,0,SOTON/O.Q. 3101306,7.05,0,0,1
467,0,2,1,29.69911764705882,0,0,239853,0.0,0,0,1
468,0,3,1,56.0,0,0,113792,26.55,0,0,1
469,0,1,1,29.69911764705882,0,0,36209,7.725,0,1,0
470,1,1,0,0.75,2,1,2666,19.2583,3,0,0
471,0,1,1,29.69911764705882,0,0,323592,7.25,0,0,1
472,0,1,1,38.0,0,0,315089,8.6625,0,0,1
473,1,2,0,33.0,1,2,C.A. 34651,27.75,3,0,1
474,1,2,0,23.0,0,0,SC/AH Basle 541,13.7917,0,0,0
475,0,1,0,22.0,0,0,7553,9.8375,0,0,1
476,0,3,1,29.69911764705882,0,0,110465,52.0,0,0,1
477,0,2,1,34.0,1,0,31027,21.0,1,0,1
478,0,1,1,29.0,1,0,3460,7.0458,1,0,1
479,0,1,1,22.0,0,0,350060,7.5208,0,0,1
480,1,1,0,2.0,0,1,3101298,12.2875,1,0,1
481,0,1,1,9.0,5,2,CA 2144,46.9,7,0,1
482,0,2,1,29.69911764705882,0,0,239854,0.0,0,0,1
483,0,1,1,50.0,0,0,A/5 3594,8.05,0,0,1
484,1,1,0,63.0,0,0,4134,9.5875,0,0,1
485,1,3,1,25.0,1,0,11967,91.0792,1,0,0
486,0,1,0,29.69911764705882,3,1,4133,25.4667,4,0,1
487,1,3,0,35.0,1,0,19943,90.0,1,0,1
488,0,3,1,58.0,0,0,11771,29.7,0,0,0
489,0,1,1,30.0,0,0,A.5. 18509,8.05,0,0,1
490,1,1,1,9.0,1,1,C.A. 37671,15.9,2,0,1
491,0,1,1,29.69911764705882,1,0,65304,19.9667,1,0,1
492,0,1,1,21.0,0,0,SOTON/OQ 3101317,7.25,0,0,1
493,0,3,1,55.0,0,0,113787,30.5,0,0,1
494,0,3,1,71.0,0,0,PC 17609,49.5042,0,0,0
495,0,1,1,21.0,0,0,A/4 45380,8.05,0,0,1
496,0,1,1,29.69911764705882,0,0,2627,14.4583,0,0,0
497,1,3,0,54.0,1,0,36947,78.2667,1,0,0
498,0,1,1,29.69911764705882,0,0,C.A. 6212,15.1,0,0,1
499,0,3,0,25.0,1,2,113781,151.55,3,0,1
500,0,1,1,24.0,0,0,350035,7.7958,0,0,1
501,0,1,1,17.0,0,0,315086,8.6625,0,0,1
502,0,1,0,21.0,0,0,364846,7.75,0,1,0
503,0,1,0,29.69911764705882,0,0,330909,7.6292,0,1,0
504,0,1,0,37.0,0,0,4135,9.5875,0,0,1
505,1,3,0,16.0,0,0,110152,86.5,0,0,1
506,0,3,1,18.0,1,0,PC 17758,108.9,1,0,0
507,1,2,0,33.0,0,2,26360,26.0,2,0,1
508,1,3,1,29.69911764705882,0,0,111427,26.55,0,0,1
509,0,1,1,28.0,0,0,C 4001,22.525,0,0,1
510,1,1,1,26.0,0,0,1601,56.4958,0,0,1
511,1,1,1,29.0,0,0,382651,7.75,0,1,0
512,0,1,1,29.69911764705882,0,0,SOTON/OQ 3101316,8.05,0,0,1
513,1,3,1,36.0,0,0,PC 17473,26.2875,0,0,1
514,1,3,0,54.0,1,0,PC 17603,59.4,1,0,0
515,0,1,1,24.0,0,0,349209,7.4958,0,0,1
516,0,3,1,47.0,0,0,36967,34.0208,0,0,1
517,1,2,0,34.0,0,0,C.A. 34260,10.5,0,0,1
518,0,1,1,29.69911764705882,0,0,371110,24.15,0,1,0
519,1,2,0,36.0,1,0,226875,26.0,1,0,1
520,0,1,1,32.0,0,0,349242,7.8958,0,0,1
521,1,3,0,30.0,0,0,12749,93.5,0,0,1
522,0,1,1,22.0,0,0,349252,7.8958,0,0,1
523,0,1,1,29.69911764705882,0,0,2624,7.225,0,0,0
524,1,3,0,44.0,0,1,111361,57.9792,1,0,0
525,0,1,1,29.69911764705882,0,0,2700,7.2292,0,0,0
526,0,1,1,40.5,0,0,367232,7.75,0,1,0
527,1,2,0,50.0,0,0,W./C. 14258,10.5,0,0,1
528,0,3,1,29.69911764705882,0,0,PC 17483,221.7792,0,0,1
529,0,1,1,39.0,0,0,3101296,7.925,0,0,1
530,0,2,1,23.0,2,1,29104,11.5,3,0,1
531,1,2,0,2.0,1,1,26360,26.0,2,0,1
532,0,1,1,29.69911764705882,0,0,2641,7.2292,0,0,0
533,0,1,1,17.0,1,1,2690,7.2292,2,0,0
534,1,1,0,29.69911764705882,0,2,2668,22.3583,2,0,0
535,0,1,0,30.0,0,0,315084,8.6625,0,0,1
536,1,2,0,7.0,0,2,F.C.C. 13529,26.25,2,0,1
537,0,3,1,45.0,0,0,113050,26.55,0,0,1
538,1,3,0,30.0,0,0,PC 17761,106.425,0,0,0
539,0,1,1,29.69911764705882,0,0,364498,14.5,0,0,1
540,1,3,0,22.0,0,2,13568,49.5,2,0,0
541,1,3,0,36.0,0,2,WE/P 5735,71.0,2,0,1
542,0,1,0,9.0,4,2,347082,31.275,6,0,1
543,0,1,0,11.0,4,2,347082,31.275,6,0,1
544,1,2,1,32.0,1,0,2908,26.0,1,0,1
545,0,3,1,50.0,1,0,PC 17761,106.425,1,0,0
546,0,3,1,64.0,0,0,693,26.0,0,0,1
547,1,2,0,19.0,1,0,2908,26.0,1,0,1
548,1,2,1,29.69911764705882,0,0,SC/PARIS 2146,13.8625,0,0,0
549,0,1,1,33.0,1,1,363291,20.525,2,0,1
550,1,2,1,8.0,1,1,C.A. 33112,36.75,2,0,1
551,1,3,1,17.0,0,2,17421,110.8833,2,0,0
552,0,2,1,27.0,0,0,244358,26.0,0,0,1
553,0,1,1,29.69911764705882,0,0,330979,7.8292,0,1,0
554,1,1,1,22.0,0,0,2620,7.225,0,0,0
555,1,1,0,22.0,0,0,347085,7.775,0,0,1
556,0,3,1,62.0,0,0,113807,26.55,0,0,1
557,1,3,0,48.0,1,0,11755,39.6,1,0,0
558,0,3,1,29.69911764705882,0,0,PC 17757,227.525,0,0,0
559,1,3,0,39.0,1,1,110413,79.65,2,0,1
560,1,1,0,36.0,1,0,345572,17.4,1,0,1
561,0,1,1,29.69911764705882,0,0,372622,7.75,0,1,0
562,0,1,1,40.0,0,0,349251,7.8958,0,0,1
563,0,2,1,28.0,0,0,218629,13.5,0,0,1
564,0,1,1,29.69911764705882,0,0,SOTON/OQ 392082,8.05,0,0,1
565,0,1,0,29.69911764705882,0,0,SOTON/O.Q. 392087,8.05,0,0,1
566,0,1,1,24.0,2,0,A/4 48871,24.15,2,0,1
567,0,1,1,19.0,0,0,349205,7.8958,0,0,1
568,0,1,0,29.0,0,4,349909,21.075,4,0,1
569,0,1,1,29.69911764705882,0,0,2686,7.2292,0,0,0
570,1,1,1,32.0,0,0,350417,7.8542,0,0,1
571,1,2,1,62.0,0,0,S.W./PP 752,10.5,0,0,1
572,1,3,0,53.0,2,0,11769,51.4792,2,0,1
573,1,3,1,36.0,0,0,PC 17474,26.3875,0,0,1
574,1,1,0,29.69911764705882,0,0,14312,7.75,0,1,0
575,0,1,1,16.0,0,0,A/4. 20589,8.05,0,0,1
576,0,1,1,19.0,0,0,358585,14.5,0,0,1
577,1,2,0,34.0,0,0,243880,13.0,0,0,1
578,1,3,0,39.0,1,0,13507,55.9,1,0,1
579,0,1,0,29.69911764705882,1,0,2689,14.4583,1,0,0
580,1,1,1,32.0,0,0,STON/O 2. 3101286,7.925,0,0,1
581,1,2,0,25.0,1,1,237789,30.0,2,0,1
582,1,3,0,39.0,1,1,17421,110.8833,2,0,0
583,0,2,1,54.0,0,0,28403,26.0,0,0,1
584,0,3,1,36.0,0,0,13049,40.125,0,0,0
585,0,1,1,29.69911764705882,0,0,3411,8.7125,0,0,0
586,1,3,0,18.0,0,2,110413,79.65,2,0,1
587,0,2,1,47.0,0,0,237565,15.0,0,0,1
588,1,3,1,60.0,1,1,13567,79.2,2,0,0
589,0,1,1,22.0,0,0,14973,8.05,0,0,1
590,0,1,1,29.69911764705882,0,0,A./5. 3235,8.05,0,0,1
591,0,1,1,35.0,0,0,STON/O 2. 3101273,7.125,0,0,1
592,1,3,0,52.0,1,0,36947,78.2667,1,0,0
593,0,1,1,47.0,0,0,A/5 3902,7.25,0,0,1
594,0,1,0,29.69911764705882,0,2,364848,7.75,2,1,0
595,0,2,1,37.0,1,0,SC/AH 29037,26.0,1,0,1
596,0,1,1,36.0,1,1,345773,24.15,2,0,1
597,1,2,0,29.69911764705882,0,0,248727,33.0,0,0,1
598,0,1,1,49.0,0,0,LINE,0.0,0,0,1
599,0,1,1,29.69911764705882,0,0,2664,7.225,0,0,0
600,1,3,1,49.0,1,0,PC 17485,56.9292,1,0,0
601,1,2,0,24.0,2,1,243847,27.0,3,0,1
602,0,1,1,29.69911764705882,0,0,349214,7.8958,0,0,1
603,0,3,1,29.69911764705882,0,0,113796,42.4,0,0,1
604,0,1,1,44.0,0,0,364511,8.05,0,0,1
605,1,3,1,35.0,0,0,111426,26.55,0,0,0
606,0,1,1,36.0,1,0,349910,15.55,1,0,1
607,0,1,1,30.0,0,0,349246,7.8958,0,0,1
608,1,3,1,27.0,0,0,113804,30.5,0,0,1
609,1,2,0,22.0,1,2,SC/Paris 2123,41.5792,3,0,0
610,1,3,0,40.0,0,0,PC 17582,153.4625,0,0,1
611,0,1,0,39.0,1,5,347082,31.275,6,0,1
612,0,1,1,29.69911764705882,0,0,SOTON/O.Q. 3101305,7.05,0,0,1
613,1,1,0,29.69911764705882,1,0,367230,15.5,1,1,0
614,0,1,1,29.69911764705882,0,0,370377,7.75,0,1,0
615,0,1,1,35.0,0,0,364512,8.05,0,0,1
616,1,2,0,24.0,1,2,220845,65.0,3,0,1
617,0,1,1,34.0,1,1,347080,14.4,2,0,1
618,0,1,0,26.0,1,0,A/5. 3336,16.1,1,0,1
619,1,2,0,4.0,2,1,230136,39.0,3,0,1
620,0,2,1,26.0,0,0,31028,10.5,0,0,1
621,0,1,1,27.0,1,0,2659,14.4542,1,0,0
622,1,3,1,42.0,1,0,11753,52.5542,1,0,1
623,1,1,1,20.0,1,1,2653,15.7417,2,0,0
624,0,1,1,21.0,0,0,350029,7.8542,0,0,1
625,0,1,1,21.0,0,0,54636,16.1,0,0,1
626,0,3,1,61.0,0,0,36963,32.3208,0,0,1
627,0,2,1,57.0,0,0,219533,12.35,0,1,0
628,1,3,0,21.0,0,0,13502,77.9583,0,0,1
629,0,1,1,26.0,0,0,349224,7.8958,0,0,1
630,0,1,1,29.69911764705882,0,0,334912,7.7333,0,1,0
631,1,3,1,80.0,0,0,27042,30.0,0,0,1
632,0,1,1,51.0,0,0,347743,7.0542,0,0,1
633,1,3,1,32.0,0,0,13214,30.5,0,0,0
634,0,3,1,29.69911764705882,0,0,112052,0.0,0,0,1
635,0,1,0,9.0,3,2,347088,27.9,5,0,1
636,1,2,0,28.0,0,0,237668,13.0,0,0,1
637,0,1,1,32.0,0,0,STON/O 2. 3101292,7.925,0,0,1
638,0,2,1,31.0,1,1,C.A. 31921,26.25,2,0,1
639,0,1,0,41.0,0,5,3101295,39.6875,5,0,1
640,0,1,1,29.69911764705882,1,0,376564,16.1,1,0,1
641,0,1,1,20.0,0,0,350050,7.8542,0,0,1
642,1,3,0,24.0,0,0,PC 17477,69.3,0,0,0
643,0,1,0,2.0,3,2,347088,27.9,5,0,1
644,1,1,1,29.69911764705882,0,0,1601,56.4958,0,0,1
645,1,1,0,0.75,2,1,2666,19.2583,3,0,0
646,1,3,1,48.0,1,0,PC 17572,76.7292,1,0,0
647,0,1,1,19.0,0,0,349231,7.8958,0,0,1
648,1,3,1,56.0,0,0,13213,35.5,0,0,0
649,0,1,1,29.69911764705882,0,0,S.O./P.P. 751,7.55,0,0,1
650,1,1,0,23.0,0,0,CA. 2314,7.55,0,0,1
651,0,1,1,29.69911764705882,0,0,349221,7.8958,0,0,1
652,1,2,0,18.0,0,1,231919,23.0,1,0,1
653,0,1,1,21.0,0,0,8475,8.4333,0,0,1
654,1,1,0,29.69911764705882,0,0,330919,7.8292,0,1,0
655,0,1,0,18.0,0,0,365226,6.75,0,1,0
656,0,2,1,24.0,2,0,S.O.C. 14879,73.5,2,0,1
657,0,1,1,29.69911764705882,0,0,349223,7.8958,0,0,1
658,0,1,0,32.0,1,1,364849,15.5,2,1,0
659,0,2,1,23.0,0,0,29751,13.0,0,0,1
660,0,3,1,58.0,0,2,35273,113.275,2,0,0
661,1,3,1,50.0,2,0,PC 17611,133.65,2,0,1
662,0,1,1,40.0,0,0,2623,7.225,0,0,0
663,0,3,1,47.0,0,0,5727,25.5875,0,0,1
664,0,1,1,36.0,0,0,349210,7.4958,0,0,1
665,1,1,1,20.0,1,0,STON/O 2. 3101285,7.925,1,0,1
666,0,2,1,32.0,2,0,S.O.C. 14879,73.5,2,0,1
667,0,2,1,25.0,0,0,234686,13.0,0,0,1
668,0,1,1,29.69911764705882,0,0,312993,7.775,0,0,1
669,0,1,1,43.0,0,0,A/5 3536,8.05,0,0,1
670,1,3,0,29.69911764705882,1,0,19996,52.0,1,0,1
671,1,2,0,40.0,1,1,29750,39.0,2,0,1
672,0,3,1,31.0,1,0,F.C. 12750,52.0,1,0,1
673,0,2,1,70.0,0,0,C.A. 24580,10.5,0,0,1
674,1,2,1,31.0,0,0,244270,13.0,0,0,1
675,0,2,1,29.69911764705882,0,0,239856,0.0,0,0,1
676,0,1,1,18.0,0,0,349912,7.775,0,0,1
677,0,1,1,24.5,0,0,342826,8.05,0,0,1
678,1,1,0,18.0,0,0,4138,9.8417,0,0,1
679,0,1,0,43.0,1,6,CA 2144,46.9,7,0,1
680,1,3,1,36.0,0,1,PC 17755,512.3292,1,0,0
681,0,1,0,29.69911764705882,0,0,330935,8.1375,0,1,0
682,1,3,1,27.0,0,0,PC 17572,76.7292,0,0,0
683,0,1,1,20.0,0,0,6563,9.225,0,0,1
684,0,1,1,14.0,5,2,CA 2144,46.9,7,0,1
685,0,2,1,60.0,1,1,29750,39.0,2,0,1
686,0,2,1,25.0,1,2,SC/Paris 2123,41.5792,3,0,0
687,0,1,1,14.0,4,1,3101295,39.6875,5,0,1
688,0,1,1,19.0,0,0,349228,10.1708,0,0,1
689,0,1,1,18.0,0,0,350036,7.7958,0,0,1
690,1,3,0,15.0,0,1,24160,211.3375,1,0,1
691,1,3,1,31.0,1,0,17474,57.0,1,0,1
692,1,1,0,4.0,0,1,349256,13.4167,1,0,0
693,1,1,1,29.69911764705882,0,0,1601,56.4958,0,0,1
694,0,1,1,25.0,0,0,2672,7.225,0,0,0
695,0,3,1,60.0,0,0,113800,26.55,0,0,1
696,0,2,1,52.0,0,0,248731,13.5,0,0,1
697,0,1,1,44.0,0,0,363592,8.05,0,0,1
698,1,1,0,29.69911764705882,0,0,35852,7.7333,0,1,0
699,0,3,1,49.0,1,1,17421,110.8833,2,0,0
700,0,1,1,42.0,0,0,348121,7.65,0,0,1
701,1,3,0,18.0,1,0,PC 17757,227.525,1,0,0
702,1,3,1,35.0,0,0,PC 17475,26.2875,0,0,1
703,0,1,0,18.0,0,1,2691,14.4542,1,0,0
704,0,1,1,25.0,0,0,36864,7.7417,0,1,0
705,0,1,1,26.0,1,0,350025,7.8542,1,0,1
706,0,2,1,39.0,0,0,250655,26.0,0,0,1
707,1,2,0,45.0,0,0,223596,13.5,0,0,1
708,1,3,1,42.0,0,0,PC 17476,26.2875,0,0,1
709,1,3,0,22.0,0,0,113781,151.55,0,0,1
710,1,1,1,29.69911764705882,1,1,2661,15.2458,2,0,0
711,1,3,0,24.0,0,0,PC 17482,49.5042,0,0,0
712,0,3,1,29.69911764705882,0,0,113028,26.55,0,0,1
713,1,3,1,48.0,1,0,19996,52.0,1,0,1
714,0,1,1,29.0,0,0,7545,9.4833,0,0,1
715,0,2,1,52.0,0,0,250647,13.0,0,0,1
716,0,1,1,19.0,0,0,348124,7.65,0,0,1
717,1,3,0,38.0,0,0,PC 17757,227.525,0,0,0
718,1,2,0,27.0,0,0,34218,10.5,0,0,1
719,0,1,1,29.69911764705882,0,0,36568,15.5,0,1,0
720,0,1,1,33.0,0,0,347062,7.775,0,0,1
721,1,2,0,6.0,0,1,248727,33.0,1,0,1
722,0,1,1,17.0,1,0,350048,7.0542,1,0,1
723,0,2,1,34.0,0,0,12233,13.0,0,0,1
724,0,2,1,50.0,0,0,250643,13.0,0,0,1
725,1,3,1,27.0,1,0,113806,53.1,1,0,1
726,0,1,1,20.0,0,0,315094,8.6625,0,0,1
727,1,2,0,30.0,3,0,31027,21.0,3,0,1
728,1,1,0,29.69911764705882,0,0,36866,7.7375,0,1,0
729,0,2,1,25.0,1,0,236853,26.0,1,0,1
730,0,1,0,25.0,1,0,STON/O2. 3101271,7.925,1,0,1
731,1,3,0,29.0,0,0,24160,211.3375,0,0,1
732,0,1,1,11.0,0,0,2699,18.7875,0,0,0
733,0,2,1,29.69911764705882,0,0,239855,0.0,0,0,1
734,0,2,1,23.0,0,0,28425,13.0,0,0,1
735,0,2,1,23.0,0,0,233639,13.0,0,0,1
736,0,1,1,28.5,0,0,54636,16.1,0,0,1
737,0,1,0,48.0,1,3,W./C. 6608,34.375,4,0,1
738,1,3,1,35.0,0,0,PC 17755,512.3292,0,0,0
739,0,1,1,29.69911764705882,0,0,349201,7.8958,0,0,1
740,0,1,1,29.69911764705882,0,0,349218,7.8958,0,0,1
741,1,3,1,29.69911764705882,0,0,16988,30.0,0,0,1
742,0,3,1,36.0,1,0,19877,78.85,1,0,1
743,1,3,0,21.0,2,2,PC 17608,262.375,4,0,0
744,0,1,1,24.0,1,0,376566,16.1,1,0,1
745,1,1,1,31.0,0,0,STON/O 2. 3101288,7.925,0,0,1
746,0,3,1,70.0,1,1,WE/P 5735,71.0,2,0,1
747,0,1,1,16.0,1,1,C.A. 2673,20.25,2,0,1
748,1,2,0,30.0,0,0,250648,13.0,0,0,1
749,0,3,1,19.0,1,0,113773,53.1,1,0,1
750,0,1,1,31.0,0,0,335097,7.75,0,1,0
751,1,2,0,4.0,1,1,29103,23.0,2,0,1
752,1,1,1,6.0,0,1,392096,12.475,1,0,1
753,0,1,1,33.0,0,0,345780,9.5,0,0,1
754,0,1,1,23.0,0,0,349204,7.8958,0,0,1
755,1,2,0,48.0,1,2,220845,65.0,3,0,1
756,1,2,1,0.67,1,1,250649,14.5,2,0,1
757,0,1,1,28.0,0,0,350042,7.7958,0,0,1
758,0,2,1,18.0,0,0,29108,11.5,0,0,1
759,0,1,1,34.0,0,0,363294,8.05,0,0,1
760,1,3,0,33.0,0,0,110152,86.5,0,0,1
761,0,1,1,29.69911764705882,0,0,358585,14.5,0,0,1
762,0,1,1,41.0,0,0,SOTON/O2 3101272,7.125,0,0,1
763,1,1,1,20.0,0,0,2663,7.2292,0,0,0
764,1,3,0,36.0,1,2,113760,120.0,3,0,1
765,0,1,1,16.0,0,0,347074,7.775,0,0,1
766,1,3,0,51.0,1,0,13502,77.9583,1,0,1
767,0,3,1,29.69911764705882,0,0,112379,39.6,0,0,0
768,0,1,0,30.5,0,0,364850,7.75,0,1,0
769,0,1,1,29.69911764705882,1,0,371110,24.15,1,1,0
770,0,1,1,32.0,0,0,8471,8.3625,0,0,1
771,0,1,1,24.0,0,0,345781,9.5,0,0,1
772,0,1,1,48.0,0,0,350047,7.8542,0,0,1
773,0,2,0,57.0,0,0,S.O./P.P. 3,10.5,0,0,1
774,0,1,1,29.69911764705882,0,0,2674,7.225,0,0,0
775,1,2,0,54.0,1,3,29105,23.0,4,0,1
776,0,1,1,18.0,0,0,347078,7.75,0,0,1
777,0,1,1,29.69911764705882,0,0,383121,7.75,0,1,0
778,1,1,0,5.0,0,0,364516,12.475,0,0,1
779,0,1,1,29.69911764705882,0,0,36865,7.7375,0,1,0
780,1,3,0,43.0,0,1,24160,211.3375,1,0,1
781,1,1,0,13.0,0,0,2687,7.2292,0,0,0
782,1,3,0,17.0,1,0,17474,57.0,1,0,1
783,0,3,1,29.0,0,0,113501,30.0,0,0,1
784,0,1,1,29.69911764705882,1,2,W./C. 6607,23.45,3,0,1
785,0,1,1,25.0,0,0,SOTON/O.Q. 3101312,7.05,0,0,1
786,0,1,1,25.0,0,0,374887,7.25,0,0,1
787,1,1,0,18.0,0,0,3101265,7.4958,0,0,1
788,0,1,1,8.0,4,1,382652,29.125,5,1,0
789,1,1,1,1.0,1,2,C.A. 2315,20.575,3,0,1
790,0,3,1,46.0,0,0,PC 17593,79.2,0,0,0
791,0,1,1,29.69911764705882,0,0,12460,7.75,0,1,0
792,0,2,1,16.0,0,0,239865,26.0,0,0,1
793,0,1,0,29.69911764705882,8,2,CA. 2343,69.55,10,0,1
794,0,3,1,29.69911764705882,0,0,PC 17600,30.6958,0,0,0
795,0,1,1,25.0,0,0,349203,7.8958,0,0,1
796,0,2,1,39.0,0,0,28213,13.0,0,0,1
797,1,3,0,49.0,0,0,17465,25.9292,0,0,1
798,1,1,0,31.0,0,0,349244,8.6833,0,0,1
799,0,1,1,30.0,0,0,2685,7.2292,0,0,0
800,0,1,0,30.0,1,1,345773,24.15,2,0,1
801,0,2,1,34.0,0,0,250647,13.0,0,0,1
802,1,2,0,31.0,1,1,C.A. 31921,26.25,2,0,1
803,1,3,1,11.0,1,2,113760,120.0,3,0,1
804,1,1,1,0.42,0,1,2625,8.5167,1,0,0
805,1,1,1,27.0,0,0,347089,6.975,0,0,1
806,0,1,1,31.0,0,0,347063,7.775,0,0,1
807,0,3,1,39.0,0,0,112050,0.0,0,0,1
808,0,1,0,18.0,0,0,347087,7.775,0,0,1
809,0,2,1,39.0,0,0,248723,13.0,0,0,1
810,1,3,0,33.0,1,0,113806,53.1,1,0,1
811,0,1,1,26.0,0,0,3474,7.8875,0,0,1
812,0,1,1,39.0,0,0,A/4 48871,24.15,0,0,1
813,0,2,1,35.0,0,0,28206,10.5,0,0,1
814,0,1,0,6.0,4,2,347082,31.275,6,0,1
815,0,1,1,30.5,0,0,364499,8.05,0,0,1
816,0,3,1,29.69911764705882,0,0,112058,0.0,0,0,1
817,0,1,0,23.0,0,0,STON/O2. 3101290,7.925,0,0,1
818,0,2,1,31.0,1,1,S.C./PARIS 2079,37.0042,2,0,0
819,0,1,1,43.0,0,0,C 7075,6.45,0,0,1
820,0,1,1,10.0,3,2,347088,27.9,5,0,1
821,1,3,0,52.0,1,1,12749,93.5,2,0,1
822,1,1,1,27.0,0,0,315098,8.6625,0,0,1
823,0,3,1,38.0,0,0,19972,0.0,0,0,1
824,1,1,0,27.0,0,1,392096,12.475,1,0,1
825,0,1,1,2.0,4,1,3101295,39.6875,5,0,1
826,0,1,1,29.69911764705882,0,0,368323,6.95,0,1,0
827,0,1,1,29.69911764705882,0,0,1601,56.4958,0,0,1
828,1,2,1,1.0,0,2,S.C./PARIS 2079,37.0042,2,0,0
829,1,1,1,29.69911764705882,0,0,367228,7.75,0,1,0
830,1,3,0,62.0,0,0,113572,80.0,0,0,0
831,1,1,0,15.0,1,0,2659,14.4542,1,0,0
832,1,2,1,0.83,1,1,29106,18.75,2,0,1
833,0,1,1,29.69911764705882,0,0,2671,7.2292,0,0,0
834,0,1,1,23.0,0,0,347468,7.8542,0,0,1
835,0,1,1,18.0,0,0,2223,8.3,0,0,1
836,1,3,0,39.0,1,1,PC 17756,83.1583,2,0,0
837,0,1,1,21.0,0,0,315097,8.6625,0,0,1
838,0,1,1,29.69911764705882,0,0,392092,8.05,0,0,1
839,1,1,1,32.0,0,0,1601,56.4958,0,0,1
840,1,3,1,29.69911764705882,0,0,11774,29.7,0,0,0
841,0,1,1,20.0,0,0,SOTON/O2 3101287,7.925,0,0,1
842,0,2,1,16.0,0,0,S.O./P.P. 3,10.5,0,0,1
843,1,3,0,30.0,0,0,113798,31.0,0,0,0
844,0,1,1,34.5,0,0,2683,6.4375,0,0,0
845,0,1,1,17.0,0,0,315090,8.6625,0,0,1
846,0,1,1,42.0,0,0,C.A. 5547,7.55,0,0,1
847,0,1,1,29.69911764705882,8,2,CA. 2343,69.55,10,0,1
848,0,1,1,35.0,0,0,349213,7.8958,0,0,0
849,0,2,1,28.0,0,1,248727,33.0,1,0,1
850,1,3,0,29.69911764705882,1,0,17453,89.1042,1,0,0
851,0,1,1,4.0,4,2,347082,31.275,6,0,1
852,0,1,1,74.0,0,0,347060,7.775,0,0,1
853,0,1,0,9.0,1,1,2678,15.2458,2,0,0
854,1,3,0,16.0,0,1,PC 17592,39.4,1,0,1
855,0,2,0,44.0,1,0,244252,26.0,1,0,1
856,1,1,0,18.0,0,1,392091,9.35,1,0,1
857,1,3,0,45.0,1,1,36928,164.8667,2,0,1
858,1,3,1,51.0,0,0,113055,26.55,0,0,1
859,1,1,0,24.0,0,3,2666,19.2583,3,0,0
860,0,1,1,29.69911764705882,0,0,2629,7.2292,0,0,0
861,0,1,1,41.0,2,0,350026,14.1083,2,0,1
862,0,2,1,21.0,1,0,28134,11.5,1,0,1
863,1,3,0,48.0,0,0,17466,25.9292,0,0,1
864,0,1,0,29.69911764705882,8,2,CA. 2343,69.55,10,0,1
865,0,2,1,24.0,0,0,233866,13.0,0,0,1
866,1,2,0,42.0,0,0,236852,13.0,0,0,1
867,1,2,0,27.0,1,0,SC/PARIS 2149,13.8583,1,0,0
868,0,3,1,31.0,0,0,PC 17590,50.4958,0,0,1
869,0,1,1,29.69911764705882,0,0,345777,9.5,0,0,1
870,1,1,1,4.0,1,1,347742,11.1333,2,0,1
871,0,1,1,26.0,0,0,349248,7.8958,0,0,1
872,1,3,0,47.0,1,1,11751,52.5542,2,0,1
873,0,3,1,33.0,0,0,695,5.0,0,0,1
874,0,1,1,47.0,0,0,345765,9.0,0,0,1
875,1,2,0,28.0,1,0,P/PP 3381,24.0,1,0,0
876,1,1,0,15.0,0,0,2667,7.225,0,0,0
877,0,1,1,20.0,0,0,7534,9.8458,0,0,1
878,0,1,1,19.0,0,0,349212,7.8958,0,0,1
879,0,1,1,29.69911764705882,0,0,349217,7.8958,0,0,1
880,1,3,0,56.0,0,1,11767,83.1583,1,0,0
881,1,2,0,25.0,0,1,230433,26.0,1,0,1
882,0,1,1,33.0,0,0,349257,7.8958,0,0,1
883,0,1,0,22.0,0,0,7552,10.5167,0,0,1
884,0,2,1,28.0,0,0,C.A./SOTON 34068,10.5,0,0,1
885,0,1,1,25.0,0,0,SOTON/OQ 392076,7.05,0,0,1
886,0,1,0,39.0,0,5,382652,29.125,5,1,0
887,0,2,1,27.0,0,0,211536,13.0,0,0,1
888,1,3,0,19.0,0,0,112053,30.0,0,0,1
889,0,1,0,29.69911764705882,1,2,W./C. 6607,23.45,3,0,1
890,1,3,1,26.0,0,0,111369,30.0,0,0,0
891,0,1,1,32.0,0,0,370376,7.75,0,1,0
